{"cameraMode":{"drawMode":0,"name":"Shaded","section":"Shading Mode"},"sceneLighting":true,"audioPlay":false,"sceneViewState":{"m_AlwaysRefresh":false,"showFog":true,"showSkybox":true,"showFlares":true,"showImageEffects":true,"showParticleSystems":true,"showVisualEffectGraphs":true,"m_FxEnabled":true},"in2DMode":false,"pivot":{"x":5.61388635635376,"y":0.7001118063926697,"z":-6.286314010620117},"rotation":{"x":0.05760540813207626,"y":-0.4583423137664795,"z":0.030588872730731965,"w":0.8866927027702332},"size":1.9014424085617066,"orthographic":false}